"Source:","C:\Users\Andrew\Desktop\System CD Updates\data\duodyne\GitHub\16 input-output.VDCENET, V1.0\input-output.VDCENET.kicad_sch"
"Date:","1/7/2024 9:46:13 AM"
"Tool:","Eeschema (6.0.11)"
"Generator:","C:\Program Files\KiCad\6.0\bin\scripting\plugins/bom_csv_grouped_by_value_with_fp.py"
"Component Count:","118"
"Ref","Qnty","Value","Cmp name","Footprint","Description","Vendor"
"C1, C2, C4, C5, C6, C7, C8, C9, C11, C12, C13, C14, C16, C17, C18, C19, C54, C55, ","18","0.1u","C","Capacitor_THT:C_Disc_D5.0mm_W2.5mm_P5.00mm","Unpolarized capacitor",""
"C20, C21, C22, C23, C24, C25, C26, C27, ","8","10u","C_Polarized","Capacitor_THT:CP_Radial_D5.0mm_P2.50mm","Polarized capacitor",""
"C42, C56, C57, ","3","10p","C","Capacitor_THT:C_Disc_D5.0mm_W2.5mm_P5.00mm","Unpolarized capacitor",""
"C43, C44, C45, ","3","0.22u","C","Capacitor_THT:C_Disc_D5.0mm_W2.5mm_P5.00mm","Unpolarized capacitor",""
"C58, C59, ","2","0.01u","C","Capacitor_THT:C_Disc_D5.0mm_W2.5mm_P5.00mm","Unpolarized capacitor",""
"D1, D2, D3, D6, ","4","LED","LED","LED_THT:LED_D3.0mm_Horizontal_O3.81mm_Z2.0mm","Light emitting diode",""
"FB1, FB2, ","2","Ferrite_Bead_Small","FerriteBead_Small","Ferrite_THT:LairdTech_28C0236-0JW-10","Ferrite bead, small symbol",""
"H1, H2, ","2","MountingHole","MountingHole_Pad","MountingHole:MountingHole_3.2mm_M3_Pad","Mounting Hole with connection",""
"H3, H4, ","2","MountingHole","MountingHole","MountingHole:MountingHole_2.2mm_M2_DIN965_Pad","Mounting Hole without connection",""
"J1, J4, ","2","DIL14","Conn_02x07_Counter_Clockwise","Package_DIP:DIP-14_W7.62mm_Socket","Generic connector, double row, 02x07, counter clockwise pin numbering scheme (similar to DIP package numbering), script generated (kicad-library-utils/schlib/autogen/connector/)",""
"J2, J5, ","2","DIL16","Conn_02x08_Counter_Clockwise","Package_DIP:DIP-16_W7.62mm_Socket","Generic connector, double row, 02x08, counter clockwise pin numbering scheme (similar to DIP package numbering), script generated (kicad-library-utils/schlib/autogen/connector/)",""
"J3, J6, ","2","DIL20","Conn_02x10_Counter_Clockwise","Package_DIP:DIP-20_W7.62mm_Socket","Generic connector, double row, 02x10, counter clockwise pin numbering scheme (similar to DIP package numbering), script generated (kicad-library-utils/schlib/autogen/connector/)",""
"J7, ","1","VDC INTERRUPT","Conn_02x08_Odd_Even","Connector_PinHeader_2.54mm:PinHeader_2x08_P2.54mm_Vertical","Generic connector, double row, 02x08, odd/even pin numbering scheme (row 1 odd numbers, row 2 even numbers), script generated (kicad-library-utils/schlib/autogen/connector/)",""
"J8, ","1","ENET INTERRUPT","Conn_02x08_Odd_Even","Connector_PinHeader_2.54mm:PinHeader_2x08_P2.54mm_Vertical","Generic connector, double row, 02x08, odd/even pin numbering scheme (row 1 odd numbers, row 2 even numbers), script generated (kicad-library-utils/schlib/autogen/connector/)",""
"J9, ","1","RESET SEL","Conn_01x03","Connector_PinHeader_2.54mm:PinHeader_1x03_P2.54mm_Vertical","Generic connector, single row, 01x03, script generated (kicad-library-utils/schlib/autogen/connector/)",""
"J10, ","1","RGB","DIN-8","Connector_Video:Conn_DIN_8pin","8-pin DIN connector",""
"J11, ","1","Composite","Conn_Coaxial","Connector_Video:Conn_RCA_Right","coaxial connector (BNC, SMA, SMB, SMC, Cinch/RCA, LEMO, ...)",""
"JP1, ","1","WAIT EN","Jumper_2_Open","Connector_PinHeader_2.54mm:PinHeader_1x02_P2.54mm_Vertical","Jumper, 2-pole, open",""
"JP2, ","1","AUD GND","Jumper_2_Open","Connector_PinHeader_2.54mm:PinHeader_1x02_P2.54mm_Vertical","Jumper, 2-pole, open",""
"K1, ","1","CSYNC","Conn_01x03","Connector_PinHeader_2.54mm:PinHeader_1x03_P2.54mm_Vertical","Generic connector, single row, 01x03, script generated (kicad-library-utils/schlib/autogen/connector/)",""
"K2, ","1","PIN13","Conn_01x03","Connector_PinHeader_2.54mm:PinHeader_1x03_P2.54mm_Vertical","Generic connector, single row, 01x03, script generated (kicad-library-utils/schlib/autogen/connector/)",""
"K3, ","1","RGBI CSYN","Conn_01x03","Connector_PinHeader_2.54mm:PinHeader_1x03_P2.54mm_Vertical","Generic connector, single row, 01x03, script generated (kicad-library-utils/schlib/autogen/connector/)",""
"L1, ","1","INDUCTOR","L","Inductor_THT:L_Axial_L6.6mm_D2.7mm_P10.16mm_Horizontal_Vishay_IM-2","Inductor",""
"P1, P2, P3, ","3","CONN_02X25","Conn_02x25_Odd_Even","Connector_IDC:IDC-Header_2x25_P2.54mm_Horizontal","Generic connector, double row, 02x25, odd/even pin numbering scheme (row 1 odd numbers, row 2 even numbers), script generated (kicad-library-utils/schlib/autogen/connector/)",""
"P4, ","1","BYPASS","Conn_01x04","Connector_PinHeader_2.54mm:PinHeader_1x04_P2.54mm_Vertical","Generic connector, single row, 01x04, script generated (kicad-library-utils/schlib/autogen/connector/)",""
"P5, ","1","SYNC","Conn_02x03_Odd_Even","Connector_PinHeader_2.54mm:PinHeader_2x03_P2.54mm_Vertical","Generic connector, double row, 02x03, odd/even pin numbering scheme (row 1 odd numbers, row 2 even numbers), script generated (kicad-library-utils/schlib/autogen/connector/)",""
"P6, ","1","RGBI TTL","Conn_02x05_Odd_Even","Connector_IDC:IDC-Header_2x05_P2.54mm_Horizontal","Generic connector, double row, 02x05, odd/even pin numbering scheme (row 1 odd numbers, row 2 even numbers), script generated (kicad-library-utils/schlib/autogen/connector/)",""
"P7, ","1","ANALOG RGB","Conn_02x08_Odd_Even","Connector_IDC:IDC-Header_2x08_P2.54mm_Horizontal","Generic connector, double row, 02x08, odd/even pin numbering scheme (row 1 odd numbers, row 2 even numbers), script generated (kicad-library-utils/schlib/autogen/connector/)",""
"P8, ","1","HR911105A","HR911105A","Connector_RJ:RJ45_Hanrun_HR911105A","",""
"Q1, ","1","2N3904","2N3904","Package_TO_SOT_THT:TO-92L_HandSolder","0.2A Ic, 40V Vce, Small Signal NPN Transistor, TO-92",""
"R1, R20, R21, ","3","470","R","Resistor_THT:R_Axial_DIN0207_L6.3mm_D2.5mm_P7.62mm_Horizontal","Resistor",""
"R2, ","1","10K","R","Resistor_THT:R_Axial_DIN0207_L6.3mm_D2.5mm_P7.62mm_Horizontal","Resistor",""
"R3, ","1","4700","R","Resistor_THT:R_Axial_DIN0207_L6.3mm_D2.5mm_P7.62mm_Horizontal","Resistor",""
"R4, R5, R6, ","3","390","R","Resistor_THT:R_Axial_DIN0207_L6.3mm_D2.5mm_P7.62mm_Horizontal","Resistor",""
"R7, R11, R16, ","3","120","R","Resistor_THT:R_Axial_DIN0207_L6.3mm_D2.5mm_P7.62mm_Horizontal","Resistor",""
"R8, R10, R12, R17, ","4","820","R","Resistor_THT:R_Axial_DIN0207_L6.3mm_D2.5mm_P7.62mm_Horizontal","Resistor",""
"R9, ","1","100","R","Resistor_THT:R_Axial_DIN0207_L6.3mm_D2.5mm_P7.62mm_Horizontal","Resistor",""
"R13, ","1","330","R","Resistor_THT:R_Axial_DIN0207_L6.3mm_D2.5mm_P7.62mm_Horizontal","Resistor",""
"R14, ","1","180","R","Resistor_THT:R_Axial_DIN0207_L6.3mm_D2.5mm_P7.62mm_Horizontal","Resistor",""
"R15, R25, R26, R27, ","4","1000","R","Resistor_THT:R_Axial_DIN0207_L6.3mm_D2.5mm_P7.62mm_Horizontal","Resistor",""
"R18, ","1","47","R","Resistor_THT:R_Axial_DIN0207_L6.3mm_D2.5mm_P7.62mm_Horizontal","Resistor",""
"R19, ","1","82","R","Resistor_THT:R_Axial_DIN0207_L6.3mm_D2.5mm_P7.62mm_Horizontal","Resistor",""
"R22, ","1","27K","R","Resistor_THT:R_Axial_DIN0207_L6.3mm_D2.5mm_P7.62mm_Horizontal","Resistor",""
"R23, ","1","1M","R","Resistor_THT:R_Axial_DIN0207_L6.3mm_D2.5mm_P7.62mm_Horizontal","Resistor",""
"R24, ","1","200","R","Resistor_THT:R_Axial_DIN0207_L6.3mm_D2.5mm_P7.62mm_Horizontal","Resistor",""
"RN1, RN2, ","2","10K","R_Network08","Resistor_THT:R_Array_SIP9","8 resistor network, star topology, bussed resistors, small symbol",""
"SW1, ","1","IO PORT ADDR","Conn_02x07_Odd_Even","Connector_PinHeader_2.54mm:PinHeader_2x07_P2.54mm_Vertical","Generic connector, double row, 02x07, odd/even pin numbering scheme (row 1 odd numbers, row 2 even numbers), script generated (kicad-library-utils/schlib/autogen/connector/)",""
"SW2, ","1","IO PORT ADDR","Conn_02x03_Odd_Even","Connector_PinHeader_2.54mm:PinHeader_2x03_P2.54mm_Vertical","Generic connector, double row, 02x03, odd/even pin numbering scheme (row 1 odd numbers, row 2 even numbers), script generated (kicad-library-utils/schlib/autogen/connector/)",""
"U2, ","1","74LS07","74LS07","Package_DIP:DIP-14_W7.62mm_Socket","Hex Buffers and Drivers With Open Collector High Voltage Outputs",""
"U5, ","1","DOT CLK","Conn_02x07_Counter_Clockwise","Package_DIP:DIP-14_W7.62mm_Socket","Generic connector, double row, 02x07, counter clockwise pin numbering scheme (similar to DIP package numbering), script generated (kicad-library-utils/schlib/autogen/connector/)",""
"U6, ","1","74LS138","74LS138","Package_DIP:DIP-16_W7.62mm_Socket","Decoder 3 to 8 active low outputs",""
"U7, ","1","8568","8568-cbm","Package_DIP:DIP-48_W15.24mm_Socket","",""
"U8, U16, ","2","41464","41464-cbm","Package_DIP:DIP-18_W7.62mm_Socket","",""
"U9, U13, U15, ","3","74LS244","74LS244","Package_DIP:DIP-20_W7.62mm_Socket","Octal Buffer and Line Driver With 3-State Output, active-low enables, non-inverting outputs",""
"U10, ","1","GAL22V10","GAL22V10","Package_DIP:DIP-24_W7.62mm_Socket","",""
"U12, ","1","GAL16V8","GAL16V8","Package_DIP:DIP-20_W7.62mm_Socket","Programmable Logic Array, DIP-20/SOIC-20/PLCC-20",""
"U14, ","1","74LS245","74LS245","Package_DIP:DIP-20_W7.62mm_Socket","Octal BUS Transceivers, 3-State outputs",""
"U18, ","1","RTL8019AS","RTL8019AS","QFP100-DIP-Adapter:QFP100-DIP-Adapter","",""
"U19, ","1","93CxxC","93CxxC","Package_DIP:DIP-8_W7.62mm_Socket","Serial EEPROM, 93 Series, with ORG Pin, 5.0V, DIP-8/SOIC-8",""
"U20, U21, ","2","74LS688","74LS688","Package_DIP:DIP-20_W7.62mm_Socket","8-bit magnitude comparator",""
"X1, ","1","20MHz","Crystal","Crystal:Crystal_HC49-4H_Vertical","Two pin crystal",""
